number,lambda
20,558.800000000009
21,556.000000000008
22,553.400000000008
23,550.800000000007
24,548.200000000006
25,545.800000000006
26,543.400000000005
27,541.200000000005
28,539.000000000004
